date,year,QuestType,PresidentS,Q,popM.li,latentM
1985-04,1985,Ot-Bom,SARNEY,1985-2,43.15,32.5300486
1985-04,1985,Positive,SARNEY,1985-2,43.15,32.5300486
1985-05,1985,Positive,SARNEY,1985-2,57,41.0708858
1985-06,1985,Ot-Bom,SARNEY,1985-2,45.2,40.3896113
1985-08,1985,Positive,SARNEY,1985-3,45,36.7378848
1986-01,1986,Positive,SARNEY,1986-1,36,30.1127408
1986-03,1986,Ot-Bom,SARNEY,1986-1,71,40.9252001
1986-04,1986,Positive,SARNEY,1986-2,81,54.7343925
1986-06,1986,Positive,SARNEY,1986-2,76,56.239058
1986-09,1986,Positive,SARNEY,1986-3,66,50.2968497
1986-11,1986,Ot-Bom,SARNEY,1986-4,34,35.1314766
1986-12,1986,Positive,SARNEY,1986-4,47,36.6590705
1987-02,1987,Positive,SARNEY,1987-1,26,24.7401198
1987-03,1987,Ot-Bom,SARNEY,1987-1,32.6,20.1644831
1987-05,1987,Ot-Bom,SARNEY,1987-2,9,15.5545163
1987-07,1987,Ot-Bom,SARNEY,1987-3,20.05,18.8950617
1987-07,1987,Positive,SARNEY,1987-3,20.05,18.8950617
1987-09,1987,Ot-Bom,SARNEY,1987-3,17.9,17.4024246
1987-09,1987,Positive,SARNEY,1987-3,17.9,17.4024246
1987-11,1987,Ot-Bom,SARNEY,1987-4,11,17.3184328
1987-12,1987,Positive,SARNEY,1987-4,12,14.2302647
1988-03,1988,Ot-Bom,SARNEY,1988-1,9,12.4860414
1988-03,1988,Positive,SARNEY,1988-1,9,12.4860414
1988-07,1988,Positive,SARNEY,1988-3,10,11.7580736
1988-09,1988,Positive,SARNEY,1988-3,12,12.9006906
1988-10,1988,Ot-Bom,SARNEY,1988-4,7,14.2014117
1988-12,1988,Ot-Bom,SARNEY,1988-4,8.5,12.8097358
1988-12,1988,Positive,SARNEY,1988-4,8.5,12.8097358
1989-02,1989,Positive,SARNEY,1989-1,14,14.15302
1989-03,1989,Ot-Bom,SARNEY,1989-1,9,12.6881041
1989-03,1989,Positive,SARNEY,1989-1,9,12.6881041
1989-04,1989,Ot-Bom,SARNEY,1989-2,13,13.8674815
1989-04,1989,Positive,SARNEY,1989-2,13,13.8674815
1989-05,1989,Positive,SARNEY,1989-2,16,15.4493205
1989-07,1989,Ot-Bom,SARNEY,1989-3,8,9.60552955
1989-09,1989,Ot-Bom,SARNEY,1989-3,5,11.4305246
1989-11,1989,Ot-Bom,SARNEY,1989-4,9,9.95776798
1990-01,1990,Ot-Bom,SARNEY,1990-1,12,12.7117265
1990-01,1990,Positive,SARNEY,1990-1,12,12.7117265
1990-02,1990,Positive,SARNEY,1990-1,12.5,14.1485251
1990-02,1990,Ot-Bom,SARNEY,1990-1,12.5,14.1485251
1990-03,1990,Ot-Bom,COLLOR,1990-1,71,46.054619
1990-04,1990,Positive,COLLOR,1990-2,69,50.4762621
1990-05,1990,Positive,COLLOR,1990-2,42,37.2334716
1990-06,1990,Ot-Bom,COLLOR,1990-2,34.5,30.9201022
1990-06,1990,Positive,COLLOR,1990-2,34.5,30.9201022
1990-08,1990,Positive,COLLOR,1990-3,36.15,29.4596961
1990-08,1990,Ot-Bom,COLLOR,1990-3,36.15,29.4596961
1990-09,1990,Ot-Bom,COLLOR,1990-3,34,30.602997
1990-10,1990,Positive,COLLOR,1990-4,42,32.9777657
1990-12,1990,Ot-Bom,COLLOR,1990-4,29.6,24.2640115
1991-01,1991,Positive,COLLOR,1991-1,33,26.6563247
1991-02,1991,Ot-Bom,COLLOR,1991-1,27,21.9859777
1991-03,1991,Ot-Bom,COLLOR,1991-1,23,23.3379659
1991-05,1991,Positive,COLLOR,1991-2,22,20.9836195
1991-07,1991,Positive,COLLOR,1991-3,22,20.1440812
1991-08,1991,Ot-Bom,COLLOR,1991-3,20.4,17.3121327
1991-09,1991,Ot-Bom,COLLOR,1991-3,18.5,18.1726668
1991-09,1991,Positive,COLLOR,1991-3,18.5,18.1726668
1991-10,1991,Positive,COLLOR,1991-4,18,17.5762049
1991-12,1991,Positive,COLLOR,1991-4,16,16.2851878
1992-01,1992,Ot-Bom,COLLOR,1992-1,13.8,13.1920619
1992-02,1992,Positive,COLLOR,1992-1,15.2,14.8024198
1992-02,1992,Ot-Bom,COLLOR,1992-1,15.2,14.8024198
1992-03,1992,Ot-Bom,COLLOR,1992-1,16,16.3679784
1992-03,1992,Positive,COLLOR,1992-1,16,16.3679784
1992-04,1992,Ot-Bom,COLLOR,1992-2,17.1,15.0236832
1992-05,1992,Positive,COLLOR,1992-2,19.6,17.3059421
1992-05,1992,Ot-Bom,COLLOR,1992-2,19.6,17.3059421
1992-06,1992,Positive,COLLOR,1992-2,16,16.7237409
1992-07,1992,Positive,COLLOR,1992-3,16,16.5955679
1992-08,1992,Ot-Bom,COLLOR,1992-3,11.3,12.311563
1992-09,1992,Ot-Bom,COLLOR,1992-3,9,12.3202084
1992-09,1992,Positive,COLLOR,1992-3,9,12.3202084
1992-10,1992,Ot-Bom,FRANCO,1992-4,18,18.5713309
1992-12,1992,Ot-Bom,FRANCO,1992-4,31,25.9289245
1992-12,1992,Ot-Bom,FRANCO,1992-4,31,25.9289245
1993-02,1993,Ot-Bom,FRANCO,1993-1,36,30.7262648
1993-03,1993,Ot-Bom,FRANCO,1993-1,22.5,24.844549
1993-03,1993,Ot-Bom,FRANCO,1993-1,22.5,24.844549
1993-04,1993,Ot-Bom,FRANCO,1993-2,17,20.8767594
1993-05,1993,Ot-Bom,FRANCO,1993-2,19,21.0048016
1993-06,1993,Ot-Bom,FRANCO,1993-2,17,20.0247346
1993-08,1993,Ot-Bom,FRANCO,1993-3,15,18.6791928
1993-09,1993,Ot-Bom,FRANCO,1993-3,14.9,18.4733457
1993-10,1993,Ot-Bom,FRANCO,1993-4,13,13.8869845
1993-11,1993,Ot-Bom,FRANCO,1993-4,12,15.7778455
1993-12,1993,Ot-Bom,FRANCO,1993-4,18,19.3189769
1994-02,1994,Ot-Bom,FRANCO,1994-1,12.8,13.9255459
1994-03,1994,Ot-Bom,FRANCO,1994-1,15,17.2934578
1994-04,1994,Ot-Bom,FRANCO,1994-2,17.5,17.9316645
1994-04,1994,Ot-Bom,FRANCO,1994-2,17.5,17.9316645
1994-07,1994,Ot-Bom,FRANCO,1994-3,30.5,23.2394872
1994-08,1994,Ot-Bom,FRANCO,1994-3,37,30.1188123
1994-09,1994,Ot-Bom,FRANCO,1994-3,32.45,29.579647
1994-09,1994,Ot-Bom,FRANCO,1994-3,32.45,29.579647
1994-10,1994,Ot-Bom,FRANCO,1994-4,40,33.28815
1994-11,1994,Ot-Bom,FRANCO,1994-4,41.9,31.691928
1994-12,1994,Ot-Bom,FRANCO,1994-4,43.5,33.8268095
1994-12,1994,Ot-Bom,FRANCO,1994-4,43.5,33.8268095
1995-01,1995,Ot-Bom,CARDOSO,1995-1,35.1,31.613106
1995-02,1995,Ot-Bom,CARDOSO,1995-1,57,41.0525421
1995-03,1995,Ot-Bom,CARDOSO,1995-1,41,34.3703472
1995-03,1995,Ot-Bom,CARDOSO,1995-1,41,34.3703472
1995-03,1995,Ot-Bom,CARDOSO,1995-1,41,34.3703472
1995-04,1995,Ot-Bom,CARDOSO,1995-2,39,32.0608338
1995-05,1995,Ot-Bom,CARDOSO,1995-2,38,29.9040567
1995-05,1995,Ot-Bom,CARDOSO,1995-2,38,29.9040567
1995-06,1995,Ot-Bom,CARDOSO,1995-2,40.5,33.3015904
1995-06,1995,Ot-Bom,CARDOSO,1995-2,40.5,33.3015904
1995-07,1995,Ot-Bom,CARDOSO,1995-3,42,32.3595078
1995-07,1995,Ot-Bom,CARDOSO,1995-3,42,32.3595078
1995-08,1995,Ot-Bom,CARDOSO,1995-3,39,32.4610081
1995-09,1995,Ot-Bom,CARDOSO,1995-3,41,32.8092725
1995-09,1995,Ot-Bom,CARDOSO,1995-3,41,32.8092725
1995-11,1995,Ot-Bom,CARDOSO,1995-4,43,32.4554535
1995-12,1995,Ot-Bom,CARDOSO,1995-4,41,34.0519751
1996-02,1996,Ot-Bom,CARDOSO,1996-1,41,31.8367404
1996-05,1996,Ot-Bom,CARDOSO,1996-2,30.5,26.5179824
1996-05,1996,Ot-Bom,CARDOSO,1996-2,30.5,26.5179824
1996-06,1996,Ot-Bom,CARDOSO,1996-2,30,27.2860299
1996-08,1996,Ot-Bom,CARDOSO,1996-3,38,29.1260192
1996-09,1996,Ot-Bom,CARDOSO,1996-3,43,34.3189747
1996-11,1996,Ot-Bom,CARDOSO,1996-4,46.4,34.9162806
1996-12,1996,Ot-Bom,CARDOSO,1996-4,46.5,36.0995476
1996-12,1996,Ot-Bom,CARDOSO,1996-4,46.5,36.0995476
1997-01,1997,Ot-Bom,CARDOSO,1997-1,51,37.0298305
1997-03,1997,Ot-Bom,CARDOSO,1997-1,46.5,36.8500708
1997-03,1997,Ot-Bom,CARDOSO,1997-1,46.5,36.8500708
1997-05,1997,Ot-Bom,CARDOSO,1997-2,38,31.7269912
1997-05,1997,Ot-Bom,CARDOSO,1997-2,38,31.7269912
1997-06,1997,Ot-Bom,CARDOSO,1997-2,39,32.9580694
1997-08,1997,Ot-Bom,CARDOSO,1997-3,38,30.1153955
1997-09,1997,Ot-Bom,CARDOSO,1997-3,39.5,33.9355945
1997-09,1997,Ot-Bom,CARDOSO,1997-3,39.5,33.9355945
1997-10,1997,Ot-Bom,CARDOSO,1997-4,43,32.6472663
1997-12,1997,Ot-Bom,CARDOSO,1997-4,37.5,31.8446957
1997-12,1997,Ot-Bom,CARDOSO,1997-4,37.5,31.8446957
1998-01,1998,Ot-Bom,CARDOSO,1998-1,37.5,31.2868797
1998-01,1998,Ot-Bom,CARDOSO,1998-1,37.5,31.2868797
1998-03,1998,Ot-Bom,CARDOSO,1998-1,38.5,30.8935992
1998-03,1998,Ot-Bom,CARDOSO,1998-1,38.5,30.8935992
1998-04,1998,Ot-Bom,CARDOSO,1998-2,33,30.2579179
1998-04,1998,Ot-Bom,CARDOSO,1998-2,33,30.2579179
1998-05,1998,Ot-Bom,CARDOSO,1998-2,31,27.7877763
1998-05,1998,Ot-Bom,CARDOSO,1998-2,31,27.7877763
1998-05,1998,Ot-Bom,CARDOSO,1998-2,31,27.7877763
1998-06,1998,Ot-Bom,CARDOSO,1998-2,31,27.9573668
1998-06,1998,Ot-Bom,CARDOSO,1998-2,31,27.9573668
1998-07,1998,Ot-Bom,CARDOSO,1998-3,38.3333333,31.0910997
1998-07,1998,Ot-Bom,CARDOSO,1998-3,38.3333333,31.0910997
1998-07,1998,Ot-Bom,CARDOSO,1998-3,38.3333333,31.0910997
1998-08,1998,Ot-Bom,CARDOSO,1998-3,39.5,32.941081
1998-08,1998,Ot-Bom,CARDOSO,1998-3,39.5,32.941081
1998-09,1998,Ot-Bom,CARDOSO,1998-3,44,35.6040866
1998-09,1998,Ot-Bom,CARDOSO,1998-3,44,35.6040866
1998-12,1998,Ot-Bom,CARDOSO,1998-4,33.5,31.1255364
1998-12,1998,Ot-Bom,CARDOSO,1998-4,33.5,31.1255364
1999-01,1999,Ot-Bom,CARDOSO,1999-1,27,26.8719145
1999-02,1999,Ot-Bom,CARDOSO,1999-1,21,22.694129
1999-03,1999,Ot-Bom,CARDOSO,1999-1,19,19.3007333
1999-03,1999,Ot-Bom,CARDOSO,1999-1,19,19.3007333
1999-03,1999,Ot-Bom,CARDOSO,1999-1,19,19.3007333
1999-04,1999,Ot-Bom,CARDOSO,1999-2,17,17.6073665
1999-05,1999,Ot-Bom,CARDOSO,1999-2,16.5,16.2820872
1999-05,1999,Ot-Bom,CARDOSO,1999-2,16.5,16.2820872
1999-06,1999,Ot-Bom,CARDOSO,1999-2,16,17.8649835
1999-07,1999,Ot-Bom,CARDOSO,1999-3,14,15.2837472
1999-07,1999,Ot-Bom,CARDOSO,1999-3,14,15.2837472
1999-08,1999,Ot-Bom,CARDOSO,1999-3,12,13.4774445
1999-09,1999,Ot-Bom,CARDOSO,1999-3,12.3333333,14.6207209
1999-09,1999,Ot-Bom,CARDOSO,1999-3,12.3333333,14.6207209
1999-09,1999,Ot-Bom,CARDOSO,1999-3,12.3333333,14.6207209
1999-10,1999,Ot-Bom,CARDOSO,1999-4,8,10.791479
1999-11,1999,Ot-Bom,CARDOSO,1999-4,14,13.8447938
1999-11,1999,Ot-Bom,CARDOSO,1999-4,14,13.8447938
1999-12,1999,Ot-Bom,CARDOSO,1999-4,14,16.1679692
1999-12,1999,Ot-Bom,CARDOSO,1999-4,14,16.1679692
2000-01,2000,Ot-Bom,CARDOSO,2000-1,16,16.3825673
2000-02,2000,Ot-Bom,CARDOSO,2000-1,18,17.0236647
2000-02,2000,Ot-Bom,CARDOSO,2000-1,18,17.0236647
2000-03,2000,Ot-Bom,CARDOSO,2000-1,17,18.1195065
2000-03,2000,Ot-Bom,CARDOSO,2000-1,17,18.1195065
2000-04,2000,Ot-Bom,CARDOSO,2000-2,14,15.5665678
2000-05,2000,Ot-Bom,CARDOSO,2000-2,17.5,16.7439741
2000-05,2000,Ot-Bom,CARDOSO,2000-2,17.5,16.7439741
2000-06,2000,Ot-Bom,CARDOSO,2000-2,16,18.0413976
2000-06,2000,Ot-Bom,CARDOSO,2000-2,16,18.0413976
2000-07,2000,Ot-Bom,CARDOSO,2000-3,19,18.6825497
2000-08,2000,Ot-Bom,CARDOSO,2000-3,19.4,17.2050311
2000-08,2000,Ot-Bom,CARDOSO,2000-3,19.4,17.2050311
2000-09,2000,Ot-Bom,CARDOSO,2000-3,21.1,17.3918253
2000-09,2000,Ot-Bom,CARDOSO,2000-3,21.1,17.3918253
2000-10,2000,Ot-Bom,CARDOSO,2000-4,21.8666667,20.8399541
2000-10,2000,Ot-Bom,CARDOSO,2000-4,21.8666667,20.8399541
2000-10,2000,Ot-Bom,CARDOSO,2000-4,21.8666667,20.8399541
2000-11,2000,Ot-Bom,CARDOSO,2000-4,19.1,18.3438458
2000-12,2000,Ot-Bom,CARDOSO,2000-4,24,21.1706787
2000-12,2000,Ot-Bom,CARDOSO,2000-4,24,21.1706787
2000-12,2000,Ot-Bom,CARDOSO,2000-4,24,21.1706787
2001-01,2001,Ot-Bom,CARDOSO,2001-1,25.4,21.9163079
2001-02,2001,Ot-Bom,CARDOSO,2001-1,26.2,22.5482158
2001-03,2001,Ot-Bom,CARDOSO,2001-1,28.4333333,23.5907548
2001-03,2001,Ot-Bom,CARDOSO,2001-1,28.4333333,23.5907548
2001-03,2001,Ot-Bom,CARDOSO,2001-1,28.4333333,23.5907548
2001-04,2001,Ot-Bom,CARDOSO,2001-2,29.7,24.5978443
2001-05,2001,Ot-Bom,CARDOSO,2001-2,22.1,20.631827
2001-06,2001,Ot-Bom,CARDOSO,2001-2,18.5666667,18.9077283
2001-06,2001,Ot-Bom,CARDOSO,2001-2,18.5666667,18.9077283
2001-06,2001,Ot-Bom,CARDOSO,2001-2,18.5666667,18.9077283
2001-07,2001,Ot-Bom,CARDOSO,2001-3,19.8,18.1580098
2001-08,2001,Ot-Bom,CARDOSO,2001-3,21.7,19.0566565
2001-08,2001,Ot-Bom,CARDOSO,2001-3,21.7,19.0566565
2001-09,2001,Ot-Bom,CARDOSO,2001-3,22,20.3737535
2001-09,2001,Ot-Bom,CARDOSO,2001-3,22,20.3737535
2001-10,2001,Ot-Bom,CARDOSO,2001-4,22,19.6746238
2001-11,2001,Ot-Bom,CARDOSO,2001-4,24,22.5693705
2001-12,2001,Ot-Bom,CARDOSO,2001-4,22.6333333,21.3594588
2001-12,2001,Ot-Bom,CARDOSO,2001-4,22.6333333,21.3594588
2001-12,2001,Ot-Bom,CARDOSO,2001-4,22.6333333,21.3594588
2002-01,2002,Ot-Bom,CARDOSO,2002-1,26.7,22.5220039
2002-02,2002,Ot-Bom,CARDOSO,2002-1,29.2,25.861781
2002-02,2002,Ot-Bom,CARDOSO,2002-1,29.2,25.861781
2002-03,2002,Ot-Bom,CARDOSO,2002-1,28.525,25.123056
2002-03,2002,Ot-Bom,CARDOSO,2002-1,28.525,25.123056
2002-03,2002,Ot-Bom,CARDOSO,2002-1,28.525,25.123056
2002-03,2002,Ot-Bom,CARDOSO,2002-1,28.525,25.123056
2002-04,2002,Ot-Bom,CARDOSO,2002-2,26.8,25.0481403
2002-04,2002,Ot-Bom,CARDOSO,2002-2,26.8,25.0481403
2002-05,2002,Ot-Bom,CARDOSO,2002-2,27.6,25.0725985
2002-05,2002,Ot-Bom,CARDOSO,2002-2,27.6,25.0725985
2002-06,2002,Ot-Bom,CARDOSO,2002-2,30.4,26.7895643
2002-06,2002,Ot-Bom,CARDOSO,2002-2,30.4,26.7895643
2002-07,2002,Ot-Bom,CARDOSO,2002-3,27.9,25.2297509
2002-07,2002,Ot-Bom,CARDOSO,2002-3,27.9,25.2297509
2002-07,2002,Ot-Bom,CARDOSO,2002-3,27.9,25.2297509
2002-08,2002,Ot-Bom,CARDOSO,2002-3,26.8666667,24.7910399
2002-08,2002,Ot-Bom,CARDOSO,2002-3,26.8666667,24.7910399
2002-08,2002,Ot-Bom,CARDOSO,2002-3,26.8666667,24.7910399
2002-09,2002,Ot-Bom,CARDOSO,2002-3,24.3,23.1037093
2002-09,2002,Ot-Bom,CARDOSO,2002-3,24.3,23.1037093
2002-09,2002,Ot-Bom,CARDOSO,2002-3,24.3,23.1037093
2002-09,2002,Ot-Bom,CARDOSO,2002-3,24.3,23.1037093
2002-10,2002,Ot-Bom,CARDOSO,2002-4,24.4333333,23.7270332
2002-10,2002,Ot-Bom,CARDOSO,2002-4,24.4333333,23.7270332
2002-10,2002,Ot-Bom,CARDOSO,2002-4,24.4333333,23.7270332
2002-12,2002,Ot-Bom,CARDOSO,2002-4,26,24.5439954
2003-01,2003,Ot-Bom,LULA,2003-1,56.6,40.1479363
2003-03,2003,Ot-Bom,LULA,2003-1,48,38.3714636
2003-03,2003,Ot-Bom,LULA,2003-1,48,38.3714636
2003-04,2003,Ot-Bom,LULA,2003-2,45.35,36.5299566
2003-04,2003,Ot-Bom,LULA,2003-2,45.35,36.5299566
2003-05,2003,Ot-Bom,LULA,2003-2,51.6,39.9204401
2003-06,2003,Ot-Bom,LULA,2003-2,42.5,35.2825621
2003-06,2003,Ot-Bom,LULA,2003-2,42.5,35.2825621
2003-07,2003,Ot-Bom,LULA,2003-3,46.3,36.6597376
2003-08,2003,Ot-Bom,LULA,2003-3,46.65,37.0263908
2003-08,2003,Ot-Bom,LULA,2003-3,46.65,37.0263908
2003-09,2003,Ot-Bom,LULA,2003-3,43,33.7862187
2003-10,2003,Ot-Bom,LULA,2003-4,41.8,34.2105762
2003-10,2003,Ot-Bom,LULA,2003-4,41.8,34.2105762
2003-12,2003,Ot-Bom,LULA,2003-4,41.3333333,33.608649
2003-12,2003,Ot-Bom,LULA,2003-4,41.3333333,33.608649
2003-12,2003,Ot-Bom,LULA,2003-4,41.3333333,33.608649
2004-02,2004,Ot-Bom,LULA,2004-1,39.9,32.5263368
2004-03,2004,Ot-Bom,LULA,2004-1,35.5333333,30.3489747
2004-03,2004,Ot-Bom,LULA,2004-1,35.5333333,30.3489747
2004-03,2004,Ot-Bom,LULA,2004-1,35.5333333,30.3489747
2004-05,2004,Ot-Bom,LULA,2004-2,34.6,28.7807129
2004-06,2004,Ot-Bom,LULA,2004-2,29.2,25.2999286
2004-06,2004,Ot-Bom,LULA,2004-2,29.2,25.2999286
2004-08,2004,Ot-Bom,LULA,2004-3,36.6,29.3420499
2004-08,2004,Ot-Bom,LULA,2004-3,36.6,29.3420499
2004-09,2004,Ot-Bom,LULA,2004-3,41.3,32.492608
2004-11,2004,Ot-Bom,LULA,2004-4,41,32.1006312
2004-12,2004,Ot-Bom,LULA,2004-4,44.75,35.2959117
2004-12,2004,Ot-Bom,LULA,2004-4,44.75,35.2959117
2005-02,2005,Ot-Bom,LULA,2005-1,42.6,34.6323766
2005-03,2005,Ot-Bom,LULA,2005-1,39,31.3170172
2005-04,2005,Ot-Bom,LULA,2005-2,41.9,33.1760492
2005-05,2005,Ot-Bom,LULA,2005-2,39.8,32.5133512
2005-06,2005,Ot-Bom,LULA,2005-2,35.75,30.4381884
2005-06,2005,Ot-Bom,LULA,2005-2,35.75,30.4381884
2005-06,2005,Ot-Bom,LULA,2005-2,35.75,30.4381884
2005-06,2005,Ot-Bom,LULA,2005-2,35.75,30.4381884
2005-07,2005,Ot-Bom,LULA,2005-3,37.1,30.070099
2005-07,2005,Ot-Bom,LULA,2005-3,37.1,30.070099
2005-07,2005,Ot-Bom,LULA,2005-3,37.1,30.070099
2005-08,2005,Ot-Bom,LULA,2005-3,29.6666667,26.9125894
2005-08,2005,Ot-Bom,LULA,2005-3,29.6666667,26.9125894
2005-08,2005,Ot-Bom,LULA,2005-3,29.6666667,26.9125894
2005-09,2005,Ot-Bom,LULA,2005-3,32.4,26.0436857
2005-09,2005,Ot-Bom,LULA,2005-3,32.4,26.0436857
2005-10,2005,Ot-Bom,LULA,2005-4,29,25.3869673
2005-10,2005,Ot-Bom,LULA,2005-4,29,25.3869673
2005-11,2005,Ot-Bom,LULA,2005-4,31.1,25.9159894
2005-12,2005,Ot-Bom,LULA,2005-4,28.5,25.1976475
2005-12,2005,Ot-Bom,LULA,2005-4,28.5,25.1976475
2006-01,2006,Ot-Bom,LULA,2006-1,33,26.2772393
2006-02,2006,Ot-Bom,LULA,2006-1,36.8333333,30.011933
2006-02,2006,Ot-Bom,LULA,2006-1,36.8333333,30.011933
2006-02,2006,Ot-Bom,LULA,2006-1,36.8333333,30.011933
2006-03,2006,Ot-Bom,LULA,2006-1,38,30.8451476
2006-03,2006,Ot-Bom,LULA,2006-1,38,30.8451476
2006-04,2006,Ot-Bom,LULA,2006-2,37.3,31.1049025
2006-04,2006,Ot-Bom,LULA,2006-2,37.3,31.1049025
2006-05,2006,Ot-Bom,LULA,2006-2,38.4333333,31.3708243
2006-05,2006,Ot-Bom,LULA,2006-2,38.4333333,31.3708243
2006-05,2006,Ot-Bom,LULA,2006-2,38.4333333,31.3708243
2006-06,2006,Ot-Bom,LULA,2006-2,44,33.2467191
2006-07,2006,Ot-Bom,LULA,2006-3,39.5,31.9731177
2006-07,2006,Ot-Bom,LULA,2006-3,39.5,31.9731177
2006-07,2006,Ot-Bom,LULA,2006-3,39.5,31.9731177
2006-07,2006,Ot-Bom,LULA,2006-3,39.5,31.9731177
2006-08,2006,Ot-Bom,LULA,2006-3,44.7,34.9684654
2006-08,2006,Ot-Bom,LULA,2006-3,44.7,34.9684654
2006-08,2006,Ot-Bom,LULA,2006-3,44.7,34.9684654
2006-08,2006,Ot-Bom,LULA,2006-3,44.7,34.9684654
2006-08,2006,Ot-Bom,LULA,2006-3,44.7,34.9684654
2006-08,2006,Ot-Bom,LULA,2006-3,44.7,34.9684654
2006-08,2006,Ot-Bom,LULA,2006-3,44.7,34.9684654
2006-08,2006,Ot-Bom,LULA,2006-3,44.7,34.9684654
2006-09,2006,Ot-Bom,LULA,2006-3,46,35.601681
2006-09,2006,Ot-Bom,LULA,2006-3,46,35.601681
2006-09,2006,Ot-Bom,LULA,2006-3,46,35.601681
2006-09,2006,Ot-Bom,LULA,2006-3,46,35.601681
2006-09,2006,Ot-Bom,LULA,2006-3,46,35.601681
2006-09,2006,Ot-Bom,LULA,2006-3,46,35.601681
2006-09,2006,Ot-Bom,LULA,2006-3,46,35.601681
2006-09,2006,Ot-Bom,LULA,2006-3,46,35.601681
2006-09,2006,Ot-Bom,LULA,2006-3,46,35.601681
2006-09,2006,Ot-Bom,LULA,2006-3,46,35.601681
2006-10,2006,Ot-Bom,LULA,2006-4,49.7142857,39.0770851
2006-10,2006,Ot-Bom,LULA,2006-4,49.7142857,39.0770851
2006-10,2006,Ot-Bom,LULA,2006-4,49.7142857,39.0770851
2006-10,2006,Ot-Bom,LULA,2006-4,49.7142857,39.0770851
2006-10,2006,Ot-Bom,LULA,2006-4,49.7142857,39.0770851
2006-10,2006,Ot-Bom,LULA,2006-4,49.7142857,39.0770851
2006-10,2006,Ot-Bom,LULA,2006-4,49.7142857,39.0770851
2006-12,2006,Ot-Bom,LULA,2006-4,54.5,41.1760155
2006-12,2006,Ot-Bom,LULA,2006-4,54.5,41.1760155
2007-03,2007,Ot-Bom,LULA,2007-1,48,38.5144621
2007-04,2007,Ot-Bom,LULA,2007-2,49.25,38.148343
2007-04,2007,Ot-Bom,LULA,2007-2,49.25,38.148343
2007-06,2007,Ot-Bom,LULA,2007-2,47.5,37.4509695
2007-07,2007,Ot-Bom,LULA,2007-3,50,37.76754
2007-08,2007,Ot-Bom,LULA,2007-3,48,38.0326944
2007-09,2007,Ot-Bom,LULA,2007-3,48,36.8793514
2007-10,2007,Ot-Bom,LULA,2007-4,46.5,36.8022952
2007-12,2007,Ot-Bom,LULA,2007-4,51,38.4779091
2008-02,2008,Ot-Bom,LULA,2008-1,52.7,40.5071544
2008-03,2008,Ot-Bom,LULA,2008-1,56.5,42.2710808
2008-03,2008,Ot-Bom,LULA,2008-1,56.5,42.2710808
2008-04,2008,Ot-Bom,LULA,2008-2,57.5,44.1503259
2008-06,2008,Ot-Bom,LULA,2008-2,58,43.5338301
2008-09,2008,Ot-Bom,LULA,2008-3,67.2666667,48.3880843
2008-09,2008,Ot-Bom,LULA,2008-3,67.2666667,48.3880843
2008-09,2008,Ot-Bom,LULA,2008-3,67.2666667,48.3880843
2008-11,2008,Ot-Bom,LULA,2008-4,70,51.5263404
2008-12,2008,Ot-Bom,LULA,2008-4,72.05,53.1861065
2008-12,2008,Ot-Bom,LULA,2008-4,72.05,53.1861065
2009-01,2009,Ot-Bom,LULA,2009-1,72.5,54.7898371
2009-03,2009,Ot-Bom,LULA,2009-1,63.8,49.2645837
2009-03,2009,Ot-Bom,LULA,2009-1,63.8,49.2645837
2009-03,2009,Ot-Bom,LULA,2009-1,63.8,49.2645837
2009-05,2009,Ot-Bom,LULA,2009-2,68.9,51.0879822
2009-05,2009,Ot-Bom,LULA,2009-2,68.9,51.0879822
2009-06,2009,Ot-Bom,LULA,2009-2,68,49.9826664
2009-08,2009,Ot-Bom,LULA,2009-3,67,49.6925359
2009-09,2009,Ot-Bom,LULA,2009-3,67.7,50.6555753
2009-09,2009,Ot-Bom,LULA,2009-3,67.7,50.6555753
2009-11,2009,Ot-Bom,LULA,2009-4,71,52.5519756
2009-11,2009,Ot-Bom,LULA,2009-4,71,52.5519756
2009-12,2009,Ot-Bom,LULA,2009-4,72,53.0544858
2010-01,2010,Ot-Bom,LULA,2010-1,71.5,54.0693337
2010-02,2010,Ot-Bom,LULA,2010-1,73,54.028623
2010-03,2010,Ot-Bom,LULA,2010-1,75.5,54.8923708
2010-03,2010,Ot-Bom,LULA,2010-1,75.5,54.8923708
2010-04,2010,Ot-Bom,LULA,2010-2,73.9333333,54.59309
2010-04,2010,Ot-Bom,LULA,2010-2,73.9333333,54.59309
2010-04,2010,Ot-Bom,LULA,2010-2,73.9333333,54.59309
2010-05,2010,Ot-Bom,LULA,2010-2,76.05,55.7727238
2010-05,2010,Ot-Bom,LULA,2010-2,76.05,55.7727238
2010-06,2010,Ot-Bom,LULA,2010-2,75.6666667,54.9922591
2010-06,2010,Ot-Bom,LULA,2010-2,75.6666667,54.9922591
2010-06,2010,Ot-Bom,LULA,2010-2,75.6666667,54.9922591
2010-07,2010,Ot-Bom,LULA,2010-3,77,55.657243
2010-07,2010,Ot-Bom,LULA,2010-3,77,55.657243
2010-08,2010,Ot-Bom,LULA,2010-3,77.9,56.8787128
2010-08,2010,Ot-Bom,LULA,2010-3,77.9,56.8787128
2010-08,2010,Ot-Bom,LULA,2010-3,77.9,56.8787128
2010-08,2010,Ot-Bom,LULA,2010-3,77.9,56.8787128
2010-08,2010,Ot-Bom,LULA,2010-3,77.9,56.8787128
2010-09,2010,Ot-Bom,LULA,2010-3,78.35,57.1626053
2010-09,2010,Ot-Bom,LULA,2010-3,78.35,57.1626053
2010-09,2010,Ot-Bom,LULA,2010-3,78.35,57.1626053
2010-09,2010,Ot-Bom,LULA,2010-3,78.35,57.1626053
2010-09,2010,Ot-Bom,LULA,2010-3,78.35,57.1626053
2010-09,2010,Ot-Bom,LULA,2010-3,78.35,57.1626053
2010-09,2010,Ot-Bom,LULA,2010-3,78.35,57.1626053
2010-09,2010,Ot-Bom,LULA,2010-3,78.35,57.1626053
2010-10,2010,Ot-Bom,LULA,2010-4,81,58.515803
2010-10,2010,Ot-Bom,LULA,2010-4,81,58.515803
2010-10,2010,Ot-Bom,LULA,2010-4,81,58.515803
2010-10,2010,Ot-Bom,LULA,2010-4,81,58.515803
2010-11,2010,Ot-Bom,LULA,2010-4,83,59.8574961
2010-12,2010,Ot-Bom,DILMA,2010-4,69.2,54.7186697
2010-12,2010,Ot-Bom,DILMA,2010-4,69.2,54.7186697
2011-03,2011,Ot-Bom,DILMA,2011-1,51.5,41.4452238
2011-03,2011,Ot-Bom,DILMA,2011-1,51.5,41.4452238
2011-06,2011,Ot-Bom,DILMA,2011-2,49,38.6602081
2011-07,2011,Ot-Bom,DILMA,2011-3,48,37.3169515
2011-08,2011,Ot-Bom,DILMA,2011-3,48.8,38.2277601
2011-08,2011,Ot-Bom,DILMA,2011-3,48.8,38.2277601
2011-08,2011,Ot-Bom,DILMA,2011-3,48.8,38.2277601
2011-09,2011,Ot-Bom,DILMA,2011-3,51,38.6953237
2011-12,2011,Ot-Bom,DILMA,2011-4,56,41.450234
2012-01,2012,Ot-Bom,DILMA,2012-1,59,44.0418592
2012-03,2012,Ot-Bom,DILMA,2012-1,56,42.7733903
2012-04,2012,Ot-Bom,DILMA,2012-2,64,46.8636994
2012-06,2012,Ot-Bom,DILMA,2012-2,59,44.9011109
2012-07,2012,Ot-Bom,DILMA,2012-3,56.6,44.625993
2012-07,2012,Ot-Bom,DILMA,2012-3,56.6,44.625993
2012-08,2012,Ot-Bom,DILMA,2012-3,62,46.3572073
2012-09,2012,Ot-Bom,DILMA,2012-3,62,46.1029833
2012-12,2012,Ot-Bom,DILMA,2012-4,62,45.9681466
2012-12,2012,Ot-Bom,DILMA,2012-4,62,45.9681466
2013-03,2013,Ot-Bom,DILMA,2013-1,63,46.7565455
2013-06,2013,Ot-Bom,DILMA,2013-2,49.05,35.4968117
2013-06,2013,Ot-Bom,DILMA,2013-2,49.05,35.4968117
2013-06,2013,Ot-Bom,DILMA,2013-2,49.05,35.4968117
2013-06,2013,Ot-Bom,DILMA,2013-2,49.05,35.4968117
2013-07,2013,Ot-Bom,DILMA,2013-3,31.15,27.9222855
2013-07,2013,Ot-Bom,DILMA,2013-3,31.15,27.9222855
2013-08,2013,Ot-Bom,DILMA,2013-3,36,29.7588613
2013-09,2013,Ot-Bom,DILMA,2013-3,37.55,29.8403621
2013-09,2013,Ot-Bom,DILMA,2013-3,37.55,29.8403621
2013-10,2013,Ot-Bom,DILMA,2013-4,38,31.1320765
2013-11,2013,Ot-Bom,DILMA,2013-4,40,33.1187595
2013-11,2013,Ot-Bom,DILMA,2013-4,40,33.1187595
2013-12,2013,Ot-Bom,DILMA,2013-4,43,33.6577162
2014-02,2014,Ot-Bom,DILMA,2014-1,38.7,32.9760449
2014-02,2014,Ot-Bom,DILMA,2014-1,38.7,32.9760449
2014-03,2014,Ot-Bom,DILMA,2014-1,36,30.0639756
2014-04,2014,Ot-Bom,DILMA,2014-2,34.3,29.2070774
2014-04,2014,Ot-Bom,DILMA,2014-2,34.3,29.2070774
2014-04,2014,Ot-Bom,DILMA,2014-2,34.3,29.2070774
2014-05,2014,Ot-Bom,DILMA,2014-2,35,29.0680578
2014-05,2014,Ot-Bom,DILMA,2014-2,35,29.0680578
2014-06,2014,Ot-Bom,DILMA,2014-2,31.6666667,27.6205745
2014-06,2014,Ot-Bom,DILMA,2014-2,31.6666667,27.6205745
2014-06,2014,Ot-Bom,DILMA,2014-2,31.6666667,27.6205745
2014-07,2014,Ot-Bom,DILMA,2014-3,32.6666667,27.450951
2014-07,2014,Ot-Bom,DILMA,2014-3,32.6666667,27.450951
2014-07,2014,Ot-Bom,DILMA,2014-3,32.6666667,27.450951
2014-08,2014,Ot-Bom,DILMA,2014-3,34.42,28.4618714
2014-08,2014,Ot-Bom,DILMA,2014-3,34.42,28.4618714
2014-08,2014,Ot-Bom,DILMA,2014-3,34.42,28.4618714
2014-08,2014,Ot-Bom,DILMA,2014-3,34.42,28.4618714
2014-08,2014,Ot-Bom,DILMA,2014-3,34.42,28.4618714
2014-09,2014,Ot-Bom,DILMA,2014-3,37.6076923,30.9493765
2014-09,2014,Ot-Bom,DILMA,2014-3,37.6076923,30.9493765
2014-09,2014,Ot-Bom,DILMA,2014-3,37.6076923,30.9493765
2014-09,2014,Ot-Bom,DILMA,2014-3,37.6076923,30.9493765
2014-09,2014,Ot-Bom,DILMA,2014-3,37.6076923,30.9493765
2014-09,2014,Ot-Bom,DILMA,2014-3,37.6076923,30.9493765
2014-09,2014,Ot-Bom,DILMA,2014-3,37.6076923,30.9493765
2014-09,2014,Ot-Bom,DILMA,2014-3,37.6076923,30.9493765
2014-09,2014,Ot-Bom,DILMA,2014-3,37.6076923,30.9493765
2014-09,2014,Ot-Bom,DILMA,2014-3,37.6076923,30.9493765
2014-09,2014,Ot-Bom,DILMA,2014-3,37.6076923,30.9493765
2014-09,2014,Ot-Bom,DILMA,2014-3,37.6076923,30.9493765
2014-09,2014,Ot-Bom,DILMA,2014-3,37.6076923,30.9493765
2014-10,2014,Ot-Bom,DILMA,2014-4,40.75,33.2701579
2014-10,2014,Ot-Bom,DILMA,2014-4,40.75,33.2701579
2014-10,2014,Ot-Bom,DILMA,2014-4,40.75,33.2701579
2014-10,2014,Ot-Bom,DILMA,2014-4,40.75,33.2701579
2014-10,2014,Ot-Bom,DILMA,2014-4,40.75,33.2701579
2014-10,2014,Ot-Bom,DILMA,2014-4,40.75,33.2701579
2014-10,2014,Ot-Bom,DILMA,2014-4,40.75,33.2701579
2014-10,2014,Ot-Bom,DILMA,2014-4,40.75,33.2701579
2014-12,2014,Ot-Bom,DILMA,2014-4,41,33.0775618
2014-12,2014,Ot-Bom,DILMA,2014-4,41,33.0775618
2015-01,2015,Ot-Bom,DILMA,2015-1,29,44.6734455
2015-02,2015,Ot-Bom,DILMA,2015-1,20.5,30.8625562
2015-02,2015,Ot-Bom,DILMA,2015-1,20.5,30.8625562
2015-03,2015,Ot-Bom,DILMA,2015-1,12.45,20.517638
2015-03,2015,Ot-Bom,DILMA,2015-1,12.45,20.517638
2015-03,2015,Ot-Bom,DILMA,2015-1,12.45,20.517638
2015-03,2015,Ot-Bom,DILMA,2015-1,12.45,20.517638
2015-04,2015,Ot-Bom,DILMA,2015-2,11.5,18.5878323
2015-04,2015,Ot-Bom,DILMA,2015-2,11.5,18.5878323
2015-05,2015,Ot-Bom,DILMA,2015-2,9,15.1733677
2015-06,2015,Ot-Bom,DILMA,2015-2,8.5,14.6686945
2015-06,2015,Ot-Bom,DILMA,2015-2,8.5,14.6686945
2015-07,2015,Ot-Bom,DILMA,2015-3,6.85,11.9378445
2015-07,2015,Ot-Bom,DILMA,2015-3,6.85,11.9378445
2015-08,2015,Ot-Bom,DILMA,2015-3,6.5,12.4007883
2015-08,2015,Ot-Bom,DILMA,2015-3,6.5,12.4007883
2015-09,2015,Ot-Bom,DILMA,2015-3,7,11.2654919
2015-09,2015,Ot-Bom,DILMA,2015-3,7,11.2654919
2015-10,2015,Ot-Bom,DILMA,2015-4,6.4,9.84237425
2015-10,2015,Ot-Bom,DILMA,2015-4,6.4,9.84237425
2015-11,2015,Ot-Bom,DILMA,2015-4,7,12.0929486
2015-11,2015,Ot-Bom,DILMA,2015-4,7,12.0929486
2015-12,2015,Ot-Bom,DILMA,2015-4,8.66666667,12.9122445
2015-12,2015,Ot-Bom,DILMA,2015-4,8.66666667,12.9122445
2015-12,2015,Ot-Bom,DILMA,2015-4,8.66666667,12.9122445
2016-01,2016,Ot-Bom,DILMA,2016-1,5,10.5546113
2016-02,2016,Ot-Bom,DILMA,2016-1,9.13333333,13.1535822
2016-02,2016,Ot-Bom,DILMA,2016-1,9.13333333,13.1535822
2016-02,2016,Ot-Bom,DILMA,2016-1,9.13333333,13.1535822
2016-03,2016,Ot-Bom,DILMA,2016-1,8.33333333,12.8578874
2016-03,2016,Ot-Bom,DILMA,2016-1,8.33333333,12.8578874
2016-03,2016,Ot-Bom,DILMA,2016-1,8.33333333,12.8578874
2016-04,2016,Ot-Bom,DILMA,2016-2,9.5,14.8308609
2016-04,2016,Ot-Bom,DILMA,2016-2,9.5,14.8308609
2016-05,2016,Ot-Bom,DILMA,2016-2,9,17.7859537
2016-06,2016,Ot-Bom,TEMER,2016-2,9.43333333,13.6590243
2016-06,2016,Ot-Bom,TEMER,2016-2,9.43333333,13.6590243
2016-06,2016,Ot-Bom,TEMER,2016-2,9.43333333,13.6590243
2016-07,2016,Ot-Bom,TEMER,2016-3,10.5,15.7482143
2016-07,2016,Ot-Bom,TEMER,2016-3,10.5,15.7482143
2016-08,2016,Ot-Bom,TEMER,2016-3,8,16.5215741
2016-09,2016,Ot-Bom,TEMER,2016-3,8,16.5907006
2016-10,2016,Ot-Bom,TEMER,2016-4,11.5333333,15.8589327
2016-10,2016,Ot-Bom,TEMER,2016-4,11.5333333,15.8589327
2016-10,2016,Ot-Bom,TEMER,2016-4,11.5333333,15.8589327
2016-11,2016,Ot-Bom,TEMER,2016-4,7,14.817458
2016-12,2016,Ot-Bom,TEMER,2016-4,8.66666667,14.4040999
2016-12,2016,Ot-Bom,TEMER,2016-4,8.66666667,14.4040999
2016-12,2016,Ot-Bom,TEMER,2016-4,8.66666667,14.4040999
2017-01,2017,Ot-Bom,TEMER,2017-1,6,13.0834864
2017-02,2017,Ot-Bom,TEMER,2017-1,8.65,13.7493695
2017-02,2017,Ot-Bom,TEMER,2017-1,8.65,13.7493695
2017-03,2017,Ot-Bom,TEMER,2017-1,8,12.856639
2017-03,2017,Ot-Bom,TEMER,2017-1,8,12.856639
2017-04,2017,Ot-Bom,TEMER,2017-2,5.75,10.7535985
2017-04,2017,Ot-Bom,TEMER,2017-2,5.75,10.7535985
2017-04,2017,Ot-Bom,TEMER,2017-2,5.75,10.7535985
2017-04,2017,Ot-Bom,TEMER,2017-2,5.75,10.7535985
2017-05,2017,Ot-Bom,TEMER,2017-2,6.5,7.77455522
2017-05,2017,Ot-Bom,TEMER,2017-2,6.5,7.77455522
2017-06,2017,Ot-Bom,TEMER,2017-2,3.5,8.06086966
2017-06,2017,Ot-Bom,TEMER,2017-2,3.5,8.06086966
2017-06,2017,Ot-Bom,TEMER,2017-2,3.5,8.06086966
2017-06,2017,Ot-Bom,TEMER,2017-2,3.5,8.06086966
2017-07,2017,Ot-Bom,TEMER,2017-3,4.66666667,7.5324223
2017-07,2017,Ot-Bom,TEMER,2017-3,4.66666667,7.5324223
2017-07,2017,Ot-Bom,TEMER,2017-3,4.66666667,7.5324223
2017-08,2017,Ot-Bom,TEMER,2017-3,3,3.99752324
2017-08,2017,Ot-Bom,TEMER,2017-3,3,3.99752324
2017-09,2017,Ot-Bom,TEMER,2017-3,3.28,7.02559841
2017-09,2017,Ot-Bom,TEMER,2017-3,3.28,7.02559841
2017-09,2017,Ot-Bom,TEMER,2017-3,3.28,7.02559841
2017-09,2017,Ot-Bom,TEMER,2017-3,3.28,7.02559841
2017-09,2017,Ot-Bom,TEMER,2017-3,3.28,7.02559841
2017-10,2017,Ot-Bom,TEMER,2017-4,3.5,4.93190929
2017-10,2017,Ot-Bom,TEMER,2017-4,3.5,4.93190929
2017-11,2017,Ot-Bom,TEMER,2017-4,3.66666667,7.46143351
2017-11,2017,Ot-Bom,TEMER,2017-4,3.66666667,7.46143351
2017-11,2017,Ot-Bom,TEMER,2017-4,3.66666667,7.46143351
2017-12,2017,Ot-Bom,TEMER,2017-4,5,7.71119535
2017-12,2017,Ot-Bom,TEMER,2017-4,5,7.71119535
2017-12,2017,Ot-Bom,TEMER,2017-4,5,7.71119535
2018-01,2018,Ot-Bom,TEMER,2018-1,4,9.37102838
2018-01,2018,Ot-Bom,TEMER,2018-1,4,9.37102838
2018-02,2018,Ot-Bom,TEMER,2018-1,2,6.17966738
2018-03,2018,Ot-Bom,TEMER,2018-1,3.43333333,7.48890512
2018-03,2018,Ot-Bom,TEMER,2018-1,3.43333333,7.48890512
2018-03,2018,Ot-Bom,TEMER,2018-1,3.43333333,7.48890512
2018-04,2018,Ot-Bom,TEMER,2018-2,3.66666667,8.33978416
2018-04,2018,Ot-Bom,TEMER,2018-2,3.66666667,8.33978416
2018-04,2018,Ot-Bom,TEMER,2018-2,3.66666667,8.33978416
2018-05,2018,Ot-Bom,TEMER,2018-2,3.43333333,3.99080869
2018-05,2018,Ot-Bom,TEMER,2018-2,3.43333333,3.99080869
2018-05,2018,Ot-Bom,TEMER,2018-2,3.43333333,3.99080869
2018-06,2018,Ot-Bom,TEMER,2018-2,3.25,5.57191379
2018-06,2018,Ot-Bom,TEMER,2018-2,3.25,5.57191379
2018-06,2018,Ot-Bom,TEMER,2018-2,3.25,5.57191379
2018-06,2018,Ot-Bom,TEMER,2018-2,3.25,5.57191379
2018-07,2018,Ot-Bom,TEMER,2018-3,3.5,3.24576661
2018-07,2018,Ot-Bom,TEMER,2018-3,3.5,3.24576661
2018-08,2018,Ot-Bom,TEMER,2018-3,3.175,5.68580847
2018-08,2018,Ot-Bom,TEMER,2018-3,3.175,5.68580847
2018-08,2018,Ot-Bom,TEMER,2018-3,3.175,5.68580847
2018-08,2018,Ot-Bom,TEMER,2018-3,3.175,5.68580847
2018-09,2018,Ot-Bom,TEMER,2018-3,2.5,7.86637364
2018-09,2018,Ot-Bom,TEMER,2018-3,2.5,7.86637364
2018-09,2018,Ot-Bom,TEMER,2018-3,2.5,7.86637364
2018-11,2018,Ot-Bom,TEMER,2018-4,8,6.43694481
2018-12,2018,Ot-Bom,BOLSONARO,2018-4,65,39.2859237
2018-12,2018,Ot-Bom,BOLSONARO,2018-4,65,39.2859237
2018-12,2018,Ot-Bom,BOLSONARO,2018-4,65,39.2859237
2018-12,2018,Ot-Bom,BOLSONARO,2018-4,65,39.2859237
2019-01,2019,"Approval (Otimo, Bom, Regular, Ruim, P_ssimo)",BOLSONARO,2019-1,46.3333333,42.0008907
2019-01,2019,Ot-Bom,BOLSONARO,2019-1,46.3333333,42.0008907
2019-01,2019,Ot-Bom,BOLSONARO,2019-1,46.3333333,42.0008907
2019-02,2019,"Approval (Otimo, Bom, Regular, Ruim, P_ssimo)",BOLSONARO,2019-1,41.9833333,37.7343694
2019-02,2019,Ot-Bom,BOLSONARO,2019-1,41.9833333,37.7343694
2019-02,2019,Ot-Bom,BOLSONARO,2019-1,41.9833333,37.7343694
2019-02,2019,Ot-Bom,BOLSONARO,2019-1,41.9833333,37.7343694
2019-02,2019,"Approval (Otimo, Bom, Regular, Ruim, P_ssimo)",BOLSONARO,2019-1,41.9833333,37.7343694
2019-02,2019,Ot-Bom,BOLSONARO,2019-1,41.9833333,37.7343694
2019-03,2019,Ot-Bom,BOLSONARO,2019-1,34,29.7123579
2019-03,2019,"Approval (Otimo, Bom, Regular, Ruim, P_ssimo)",BOLSONARO,2019-1,34,29.7123579
2019-03,2019,Ot-Bom,BOLSONARO,2019-1,34,29.7123579
2019-04,2019,Ot-Bom,BOLSONARO,2019-2,31.2,27.1708676
2019-04,2019,Ot-Bom,BOLSONARO,2019-2,31.2,27.1708676
2019-04,2019,Ot-Bom,BOLSONARO,2019-2,31.2,27.1708676
2019-04,2019,"Approval (Otimo, Bom, Regular, Ruim, P_ssimo)",BOLSONARO,2019-2,31.2,27.1708676
2019-04,2019,Ot-Bom,BOLSONARO,2019-2,31.2,27.1708676
2019-05,2019,"Approval (Otimo, Bom, Regular, Ruim, P_ssimo)",BOLSONARO,2019-2,32.75,29.9425191
2019-05,2019,Ot-Bom,BOLSONARO,2019-2,32.75,29.9425191
2019-05,2019,Ot-Bom,BOLSONARO,2019-2,32.75,29.9425191
2019-05,2019,Ot-Bom,BOLSONARO,2019-2,32.75,29.9425191
2019-06,2019,"Approval (Otimo, Bom, Regular, Ruim, P_ssimo)",BOLSONARO,2019-2,35.525,28.9785851
2019-06,2019,Ot-Bom,BOLSONARO,2019-2,35.525,28.9785851
2019-06,2019,Ot-Bom,BOLSONARO,2019-2,35.525,28.9785851
2019-06,2019,Ot-Bom,BOLSONARO,2019-2,35.525,28.9785851
2019-07,2019,Ot-Bom,BOLSONARO,2019-3,34,29.9661784
2019-07,2019,Ot-Bom,BOLSONARO,2019-3,34,29.9661784
2019-07,2019,"Approval (Otimo, Bom, Regular, Ruim, P_ssimo)",BOLSONARO,2019-3,34,29.9661784
2019-08,2019,"Approval (Otimo, Bom, Regular, Ruim, P_ssimo)",BOLSONARO,2019-3,31.9666667,26.8085618
2019-08,2019,Ot-Bom,BOLSONARO,2019-3,31.9666667,26.8085618
2019-08,2019,Ot-Bom,BOLSONARO,2019-3,31.9666667,26.8085618
2019-08,2019,Ot-Bom,BOLSONARO,2019-3,31.9666667,26.8085618
2019-08,2019,Ot-Bom,BOLSONARO,2019-3,31.9666667,26.8085618
2019-08,2019,"Approval (Otimo, Bom, Regular, Ruim, P_ssimo)",BOLSONARO,2019-3,31.9666667,26.8085618
2019-08,2019,"Approval (Otimo, Bom, Regular, Ruim, P_ssimo)",BOLSONARO,2019-3,31.9666667,26.8085618
2019-08,2019,Ot-Bom,BOLSONARO,2019-3,31.9666667,26.8085618
2019-08,2019,Ot-Bom,BOLSONARO,2019-3,31.9666667,26.8085618
2019-08,2019,Ot-Bom,BOLSONARO,2019-3,31.9666667,26.8085618
2019-08,2019,Ot-Bom,BOLSONARO,2019-3,31.9666667,26.8085618
2019-08,2019,"Approval (Otimo, Bom, Regular, Ruim, P_ssimo)",BOLSONARO,2019-3,31.9666667,26.8085618
2019-09,2019,"Approval (Otimo, Bom, Regular, Ruim, P_ssimo)",BOLSONARO,2019-3,32.7,27.450199
2019-09,2019,"Approval (Otimo, Bom, Regular, Ruim, P_ssimo)",BOLSONARO,2019-3,32.7,27.450199
2019-09,2019,Ot-Bom,BOLSONARO,2019-3,32.7,27.450199
2019-09,2019,"Approval (Otimo, Bom, Regular, Ruim, P_ssimo)",BOLSONARO,2019-3,32.7,27.450199
2019-09,2019,Ot-Bom,BOLSONARO,2019-3,32.7,27.450199
2019-09,2019,"Approval (Otimo, Bom, Regular, Ruim, P_ssimo)",BOLSONARO,2019-3,32.7,27.450199
2019-10,2019,"Approval (Otimo, Bom, Regular, Ruim, P_ssimo)",BOLSONARO,2019-4,32.8,29.5333889
2019-10,2019,"Approval (Otimo, Bom, Regular, Ruim, P_ssimo)",BOLSONARO,2019-4,32.8,29.5333889
2019-10,2019,Ot-Bom,BOLSONARO,2019-4,32.8,29.5333889
2019-10,2019,"Approval (Otimo, Bom, Regular, Ruim, P_ssimo)",BOLSONARO,2019-4,32.8,29.5333889
2019-10,2019,"Approval (Otimo, Bom, Regular, Ruim, P_ssimo)",BOLSONARO,2019-4,32.8,29.5333889
2019-11,2019,"Approval (Otimo, Bom, Regular, Ruim, P_ssimo)",BOLSONARO,2019-4,33.7666667,33.0193145
2019-11,2019,"Approval (Otimo, Bom, Regular, Ruim, P_ssimo)",BOLSONARO,2019-4,33.7666667,33.0193145
2019-11,2019,Ot-Bom,BOLSONARO,2019-4,33.7666667,33.0193145
2019-11,2019,"Approval (Otimo, Bom, Regular, Ruim, P_ssimo)",BOLSONARO,2019-4,33.7666667,33.0193145
2019-11,2019,Ot-Bom,BOLSONARO,2019-4,33.7666667,33.0193145
2019-11,2019,Ot-Bom,BOLSONARO,2019-4,33.7666667,33.0193145
2019-11,2019,Ot-Bom,BOLSONARO,2019-4,33.7666667,33.0193145
2019-11,2019,"Approval (Otimo, Bom, Regular, Ruim, P_ssimo)",BOLSONARO,2019-4,33.7666667,33.0193145
2019-11,2019,"Approval (Otimo, Bom, Regular, Ruim, P_ssimo)",BOLSONARO,2019-4,33.7666667,33.0193145
2019-12,2019,"Approval (Otimo, Bom, Regular, Ruim, P_ssimo)",BOLSONARO,2019-4,33.57,30.4195384
2019-12,2019,Ot-Bom,BOLSONARO,2019-4,33.57,30.4195384
2019-12,2019,Ot-Bom,BOLSONARO,2019-4,33.57,30.4195384
2019-12,2019,"Approval (Otimo, Bom, Regular, Ruim, P_ssimo)",BOLSONARO,2019-4,33.57,30.4195384
2019-12,2019,Ot-Bom,BOLSONARO,2019-4,33.57,30.4195384
2019-12,2019,Ot-Bom,BOLSONARO,2019-4,33.57,30.4195384
2019-12,2019,"Approval (Otimo, Bom, Regular, Ruim, P_ssimo)",BOLSONARO,2019-4,33.57,30.4195384
2019-12,2019,Ot-Bom,BOLSONARO,2019-4,33.57,30.4195384
2019-12,2019,"Approval (Otimo, Bom, Regular, Ruim, P_ssimo)",BOLSONARO,2019-4,33.57,30.4195384
2019-12,2019,"Approval (Otimo, Bom, Regular, Ruim, P_ssimo)",BOLSONARO,2019-4,33.57,30.4195384
2020-01,2020,"Approval (Otimo, Bom, Regular, Ruim, P_ssimo)",BOLSONARO,2020-1,35.2571429,31.5846399
2020-01,2020,Ot-Bom,BOLSONARO,2020-1,35.2571429,31.5846399
2020-01,2020,"Approval (Otimo, Bom, Regular, Ruim, P_ssimo)",BOLSONARO,2020-1,35.2571429,31.5846399
2020-01,2020,Ot-Bom,BOLSONARO,2020-1,35.2571429,31.5846399
2020-01,2020,"Approval (Otimo, Bom, Regular, Ruim, P_ssimo)",BOLSONARO,2020-1,35.2571429,31.5846399
2020-01,2020,"Approval (Otimo, Bom, Regular, Ruim, P_ssimo)",BOLSONARO,2020-1,35.2571429,31.5846399
2020-01,2020,Ot-Bom,BOLSONARO,2020-1,35.2571429,31.5846399
2020-02,2020,"Approval (Otimo, Bom, Regular, Ruim, P_ssimo)",BOLSONARO,2020-1,35.4,32.2986312
2020-02,2020,"Approval (Otimo, Bom, Regular, Ruim, P_ssimo)",BOLSONARO,2020-1,35.4,32.2986312
2020-02,2020,Ot-Bom,BOLSONARO,2020-1,35.4,32.2986312
2020-02,2020,Ot-Bom,BOLSONARO,2020-1,35.4,32.2986312
2020-02,2020,"Approval (Otimo, Bom, Regular, Ruim, P_ssimo)",BOLSONARO,2020-1,35.4,32.2986312
2020-03,2020,"Approval (Otimo, Bom, Regular, Ruim, P_ssimo)",BOLSONARO,2020-1,32.1428571,28.6554241
2020-03,2020,Ot-Bom,BOLSONARO,2020-1,32.1428571,28.6554241
2020-03,2020,Ot-Bom,BOLSONARO,2020-1,32.1428571,28.6554241
2020-03,2020,Ot-Bom,BOLSONARO,2020-1,32.1428571,28.6554241
2020-03,2020,"Approval (Otimo, Bom, Regular, Ruim, P_ssimo)",BOLSONARO,2020-1,32.1428571,28.6554241
2020-03,2020,Ot-Bom,BOLSONARO,2020-1,32.1428571,28.6554241
2020-03,2020,"Approval (Otimo, Bom, Regular, Ruim, P_ssimo)",BOLSONARO,2020-1,32.1428571,28.6554241
2020-04,2020,Ot-Bom,BOLSONARO,2020-2,30.0625,25.6750502
2020-04,2020,"Approval (Otimo, Bom, Regular, Ruim, P_ssimo)",BOLSONARO,2020-2,30.0625,25.6750502
2020-04,2020,"Approval (Otimo, Bom, Regular, Ruim, P_ssimo)",BOLSONARO,2020-2,30.0625,25.6750502
2020-04,2020,Ot-Bom,BOLSONARO,2020-2,30.0625,25.6750502
2020-04,2020,Ot-Bom,BOLSONARO,2020-2,30.0625,25.6750502
2020-04,2020,Ot-Bom,BOLSONARO,2020-2,30.0625,25.6750502
2020-04,2020,Ot-Bom,BOLSONARO,2020-2,30.0625,25.6750502
2020-04,2020,"Approval (Otimo, Bom, Regular, Ruim, P_ssimo)",BOLSONARO,2020-2,30.0625,25.6750502
2020-04,2020,Ot-Bom,BOLSONARO,2020-2,30.0625,25.6750502
2020-04,2020,"Approval (Otimo, Bom, Regular, Ruim, P_ssimo)",BOLSONARO,2020-2,30.0625,25.6750502
2020-04,2020,Ot-Bom,BOLSONARO,2020-2,30.0625,25.6750502
2020-04,2020,Ot-Bom,BOLSONARO,2020-2,30.0625,25.6750502
2020-04,2020,Ot-Bom,BOLSONARO,2020-2,30.0625,25.6750502
2020-04,2020,Ot-Bom,BOLSONARO,2020-2,30.0625,25.6750502
2020-04,2020,Ot-Bom,BOLSONARO,2020-2,30.0625,25.6750502
2020-04,2020,"Approval (Otimo, Bom, Regular, Ruim, P_ssimo)",BOLSONARO,2020-2,30.0625,25.6750502
2020-05,2020,"Approval (Otimo, Bom, Regular, Ruim, P_ssimo)",BOLSONARO,2020-2,28.25,25.1184225
2020-05,2020,Ot-Bom,BOLSONARO,2020-2,28.25,25.1184225
2020-05,2020,Ot-Bom,BOLSONARO,2020-2,28.25,25.1184225
2020-05,2020,"Approval (Otimo, Bom, Regular, Ruim, P_ssimo)",BOLSONARO,2020-2,28.25,25.1184225
2020-05,2020,Ot-Bom,BOLSONARO,2020-2,28.25,25.1184225
2020-05,2020,Ot-Bom,BOLSONARO,2020-2,28.25,25.1184225
2020-05,2020,"Approval (Otimo, Bom, Regular, Ruim, P_ssimo)",BOLSONARO,2020-2,28.25,25.1184225
2020-05,2020,Ot-Bom,BOLSONARO,2020-2,28.25,25.1184225
2020-05,2020,Ot-Bom,BOLSONARO,2020-2,28.25,25.1184225
2020-05,2020,Ot-Bom,BOLSONARO,2020-2,28.25,25.1184225
2020-05,2020,Ot-Bom,BOLSONARO,2020-2,28.25,25.1184225
2020-05,2020,"Approval (Otimo, Bom, Regular, Ruim, P_ssimo)",BOLSONARO,2020-2,28.25,25.1184225
2020-06,2020,Ot-Bom,BOLSONARO,2020-2,27.7888889,24.8974041
2020-06,2020,Ot-Bom,BOLSONARO,2020-2,27.7888889,24.8974041
2020-06,2020,"Approval (Otimo, Bom, Regular, Ruim, P_ssimo)",BOLSONARO,2020-2,27.7888889,24.8974041
2020-06,2020,Ot-Bom,BOLSONARO,2020-2,27.7888889,24.8974041
2020-06,2020,Ot-Bom,BOLSONARO,2020-2,27.7888889,24.8974041
2020-06,2020,"Approval (Otimo, Bom, Regular, Ruim, P_ssimo)",BOLSONARO,2020-2,27.7888889,24.8974041
2020-06,2020,Ot-Bom,BOLSONARO,2020-2,27.7888889,24.8974041
2020-06,2020,"Approval (Otimo, Bom, Regular, Ruim, P_ssimo)",BOLSONARO,2020-2,27.7888889,24.8974041
2020-06,2020,Ot-Bom,BOLSONARO,2020-2,27.7888889,24.8974041
2020-07,2020,"Approval (Otimo, Bom, Regular, Ruim, P_ssimo)",BOLSONARO,2020-3,29.95,23.8116907
2020-07,2020,Ot-Bom,BOLSONARO,2020-3,29.95,23.8116907
2020-07,2020,Ot-Bom,BOLSONARO,2020-3,29.95,23.8116907
2020-07,2020,"Approval (Otimo, Bom, Regular, Ruim, P_ssimo)",BOLSONARO,2020-3,29.95,23.8116907
2020-07,2020,Ot-Bom,BOLSONARO,2020-3,29.95,23.8116907
2020-07,2020,Ot-Bom,BOLSONARO,2020-3,29.95,23.8116907
2020-07,2020,Ot-Bom,BOLSONARO,2020-3,29.95,23.8116907
2020-07,2020,Ot-Bom,BOLSONARO,2020-3,29.95,23.8116907
2020-08,2020,Ot-Bom,BOLSONARO,2020-3,36.75,31.2376112
2020-08,2020,Ot-Bom,BOLSONARO,2020-3,36.75,31.2376112
2020-08,2020,Ot-Bom,BOLSONARO,2020-3,36.75,31.2376112
2020-08,2020,Ot-Bom,BOLSONARO,2020-3,36.75,31.2376112
2020-08,2020,Ot-Bom,BOLSONARO,2020-3,36.75,31.2376112
2020-08,2020,Ot-Bom,BOLSONARO,2020-3,36.75,31.2376112
2020-09,2020,Ot-Bom,BOLSONARO,2020-3,36.625,31.1748683
2020-09,2020,Ot-Bom,BOLSONARO,2020-3,36.625,31.1748683
2020-09,2020,Ot-Bom,BOLSONARO,2020-3,36.625,31.1748683
2020-09,2020,Ot-Bom,BOLSONARO,2020-3,36.625,31.1748683
2020-09,2020,Ot-Bom,BOLSONARO,2020-3,36.625,31.1748683
2020-09,2020,Ot-Bom,BOLSONARO,2020-3,36.625,31.1748683
2020-09,2020,Ot-Bom,BOLSONARO,2020-3,36.625,31.1748683
2020-09,2020,Ot-Bom,BOLSONARO,2020-3,36.625,31.1748683
2020-10,2020,Ot-Bom,BOLSONARO,2020-4,38.1,33.5289019
2020-10,2020,Ot-Bom,BOLSONARO,2020-4,38.1,33.5289019
2020-10,2020,Ot-Bom,BOLSONARO,2020-4,38.1,33.5289019
2020-10,2020,Ot-Bom,BOLSONARO,2020-4,38.1,33.5289019
2020-10,2020,Ot-Bom,BOLSONARO,2020-4,38.1,33.5289019
2020-10,2020,Ot-Bom,BOLSONARO,2020-4,38.1,33.5289019
2020-10,2020,Ot-Bom,BOLSONARO,2020-4,38.1,33.5289019
2020-10,2020,Ot-Bom,BOLSONARO,2020-4,38.1,33.5289019
2020-11,2020,Ot-Bom,BOLSONARO,2020-4,35.5571429,34.6857815
2020-11,2020,Ot-Bom,BOLSONARO,2020-4,35.5571429,34.6857815
2020-11,2020,Ot-Bom,BOLSONARO,2020-4,35.5571429,34.6857815
2020-11,2020,Ot-Bom,BOLSONARO,2020-4,35.5571429,34.6857815
2020-11,2020,Ot-Bom,BOLSONARO,2020-4,35.5571429,34.6857815
2020-11,2020,Ot-Bom,BOLSONARO,2020-4,35.5571429,34.6857815
2020-11,2020,Ot-Bom,BOLSONARO,2020-4,35.5571429,34.6857815
2020-12,2020,Ot-Bom,BOLSONARO,2020-4,36.775,32.3279899
2020-12,2020,Ot-Bom,BOLSONARO,2020-4,36.775,32.3279899
2020-12,2020,Ot-Bom,BOLSONARO,2020-4,36.775,32.3279899
2020-12,2020,Ot-Bom,BOLSONARO,2020-4,36.775,32.3279899
2020-12,2020,Ot-Bom,BOLSONARO,2020-4,36.775,32.3279899
2020-12,2020,Ot-Bom,BOLSONARO,2020-4,36.775,32.3279899
2020-12,2020,Ot-Bom,BOLSONARO,2020-4,36.775,32.3279899
2020-12,2020,Ot-Bom,BOLSONARO,2020-4,36.775,32.3279899
2021-01,2021,Ot-Bom,BOLSONARO,2021-1,32.4125,27.5830381
2021-01,2021,Ot-Bom,BOLSONARO,2021-1,32.4125,27.5830381
2021-01,2021,Ot-Bom,BOLSONARO,2021-1,32.4125,27.5830381
2021-01,2021,Ot-Bom,BOLSONARO,2021-1,32.4125,27.5830381
2021-01,2021,Ot-Bom,BOLSONARO,2021-1,32.4125,27.5830381
2021-01,2021,Ot-Bom,BOLSONARO,2021-1,32.4125,27.5830381
2021-01,2021,Ot-Bom,BOLSONARO,2021-1,32.4125,27.5830381
2021-01,2021,Ot-Bom,BOLSONARO,2021-1,32.4125,27.5830381
2021-02,2021,Ot-Bom,BOLSONARO,2021-1,30.8625,25.0633321
2021-02,2021,Ot-Bom,BOLSONARO,2021-1,30.8625,25.0633321
2021-02,2021,Ot-Bom,BOLSONARO,2021-1,30.8625,25.0633321
2021-02,2021,Ot-Bom,BOLSONARO,2021-1,30.8625,25.0633321
2021-02,2021,Ot-Bom,BOLSONARO,2021-1,30.8625,25.0633321
2021-02,2021,Ot-Bom,BOLSONARO,2021-1,30.8625,25.0633321
2021-02,2021,Ot-Bom,BOLSONARO,2021-1,30.8625,25.0633321
2021-02,2021,Ot-Bom,BOLSONARO,2021-1,30.8625,25.0633321
2021-03,2021,Ot-Bom,BOLSONARO,2021-1,28.2777778,23.8291435
2021-03,2021,Ot-Bom,BOLSONARO,2021-1,28.2777778,23.8291435
2021-03,2021,Ot-Bom,BOLSONARO,2021-1,28.2777778,23.8291435
2021-03,2021,Ot-Bom,BOLSONARO,2021-1,28.2777778,23.8291435
2021-03,2021,Ot-Bom,BOLSONARO,2021-1,28.2777778,23.8291435
2021-03,2021,Ot-Bom,BOLSONARO,2021-1,28.2777778,23.8291435
2021-03,2021,Ot-Bom,BOLSONARO,2021-1,28.2777778,23.8291435
2021-03,2021,Ot-Bom,BOLSONARO,2021-1,28.2777778,23.8291435
2021-03,2021,Ot-Bom,BOLSONARO,2021-1,28.2777778,23.8291435
2021-04,2021,Ot-Bom,BOLSONARO,2021-2,24.75,18.4609713
2021-04,2021,Ot-Bom,BOLSONARO,2021-2,24.75,18.4609713
2021-04,2021,Ot-Bom,BOLSONARO,2021-2,24.75,18.4609713
2021-04,2021,Ot-Bom,BOLSONARO,2021-2,24.75,18.4609713
2021-05,2021,Ot-Bom,BOLSONARO,2021-2,27.875,21.6049523
2021-05,2021,Ot-Bom,BOLSONARO,2021-2,27.875,21.6049523
2021-05,2021,Ot-Bom,BOLSONARO,2021-2,27.875,21.6049523
2021-05,2021,Ot-Bom,BOLSONARO,2021-2,27.875,21.6049523
2021-06,2021,Ot-Bom,BOLSONARO,2021-2,27.3333333,21.5552309
2021-06,2021,Ot-Bom,BOLSONARO,2021-2,27.3333333,21.5552309
2021-06,2021,Ot-Bom,BOLSONARO,2021-2,27.3333333,21.5552309